bookTitle,zhLink,zhName,zhNum
七星鲁王,http://www.daomubiji.com/qi-xing-lu-wang-01.html,血尸,第一章
七星鲁王,http://www.daomubiji.com/qi-xing-lu-wang-02.html,五十年后,第二章
七星鲁王,http://www.daomubiji.com/qi-xing-lu-wang-03.html,瓜子庙,第三章
七星鲁王,http://www.daomubiji.com/qi-xing-lu-wang-04.html,尸洞,第四章
七星鲁王,http://www.daomubiji.com/qi-xing-lu-wang-05.html,水影,第五章
七星鲁王,http://www.daomubiji.com/qi-xing-lu-wang-06.html,积尸地,第六章
七星鲁王,http://www.daomubiji.com/qi-xing-lu-wang-07.html,一百多个人头,第七章
七星鲁王,http://www.daomubiji.com/qi-xing-lu-wang-08.html,山谷,第八章
七星鲁王,http://www.daomubiji.com/qi-xing-lu-wang-09.html,古墓,第九章
七星鲁王,http://www.daomubiji.com/qi-xing-lu-wang-10.html,影子,第十章
七星鲁王,http://www.daomubiji.com/qi-xing-lu-wang-11.html,七星棺,第十一章
七星鲁王,http://www.daomubiji.com/qi-xing-lu-wang-12.html,门,第十二章
七星鲁王,http://www.daomubiji.com/qi-xing-lu-wang-13.html,02200059,第十三章
七星鲁王,http://www.daomubiji.com/qi-xing-lu-wang-14.html,闷油瓶,第十四章
七星鲁王,http://www.daomubiji.com/qi-xing-lu-wang-15.html,屁,第十五章
七星鲁王,http://www.daomubiji.com/qi-xing-lu-wang-16.html,小手,第十六章
七星鲁王,http://www.daomubiji.com/qi-xing-lu-wang-17.html,洞,第十七章
七星鲁王,http://www.daomubiji.com/qi-xing-lu-wang-18.html,大树,第十八章
七星鲁王,http://www.daomubiji.com/qi-xing-lu-wang-19.html,女尸,第十九章
七星鲁王,http://www.daomubiji.com/qi-xing-lu-wang-20.html,钥匙,第二十章
七星鲁王,http://www.daomubiji.com/qi-xing-lu-wang-21.html,青眼狐尸,第二十一章
七星鲁王,http://www.daomubiji.com/qi-xing-lu-wang-22.html,八重宝函,第二十二章
七星鲁王,http://www.daomubiji.com/qi-xing-lu-wang-23.html,棺椁,第二十三章
七星鲁王,http://www.daomubiji.com/qi-xing-lu-wang-24.html,活尸,第二十四章
七星鲁王,http://www.daomubiji.com/qi-xing-lu-wang-25.html,玉俑,第二十五章
七星鲁王,http://www.daomubiji.com/qi-xing-lu-wang-26.html,紫玉匣子,第二十六章
七星鲁王,http://www.daomubiji.com/qi-xing-lu-wang-27.html,谎言,第二十七章
七星鲁王,http://www.daomubiji.com/qi-xing-lu-wang-28.html,火,第二十八章
七星鲁王,http://www.daomubiji.com/qi-xing-lu-wang-29.html,紫金匣,第二十九章
怒海潜沙,http://www.daomubiji.com/nu-hai-qian-sha-01.html,蛇眉铜鱼,第一章
怒海潜沙,http://www.daomubiji.com/nu-hai-qian-sha-02.html,双层墓墙,第二章
怒海潜沙,http://www.daomubiji.com/nu-hai-qian-sha-03.html,大风暴,第三章
怒海潜沙,http://www.daomubiji.com/nu-hai-qian-sha-04.html,海鬼,第四章
怒海潜沙,http://www.daomubiji.com/nu-hai-qian-sha-05.html,老照片,第五章
怒海潜沙,http://www.daomubiji.com/nu-hai-qian-sha-06.html,海南,第六章
怒海潜沙,http://www.daomubiji.com/nu-hai-qian-sha-07.html,女人,第七章
怒海潜沙,http://www.daomubiji.com/nu-hai-qian-sha-08.html,变天了,第八章
怒海潜沙,http://www.daomubiji.com/nu-hai-qian-sha-09.html,鬼船,第九章
怒海潜沙,http://www.daomubiji.com/nu-hai-qian-sha-10.html,枯手,第十章
怒海潜沙,http://www.daomubiji.com/nu-hai-qian-sha-11.html,甲板,第十一章
怒海潜沙,http://www.daomubiji.com/nu-hai-qian-sha-12.html,三叔的谎言,第十二章
怒海潜沙,http://www.daomubiji.com/nu-hai-qian-sha-13.html,海猴子,第十三章
怒海潜沙,http://www.daomubiji.com/nu-hai-qian-sha-14.html,永兴岛,第十四章
怒海潜沙,http://www.daomubiji.com/nu-hai-qian-sha-15.html,胖子,第十五章
怒海潜沙,http://www.daomubiji.com/nu-hai-qian-sha-16.html,开会,第十六章
怒海潜沙,http://www.daomubiji.com/nu-hai-qian-sha-17.html,头发,第十七章
怒海潜沙,http://www.daomubiji.com/nu-hai-qian-sha-18.html,大量头发,第十八章
怒海潜沙,http://www.daomubiji.com/nu-hai-qian-sha-19.html,大瓷罐,第十九章
怒海潜沙,http://www.daomubiji.com/nu-hai-qian-sha-20.html,甬道,第二十章
怒海潜沙,http://www.daomubiji.com/nu-hai-qian-sha-21.html,箭,第二十一章
怒海潜沙,http://www.daomubiji.com/nu-hai-qian-sha-22.html,第一次解迷,第二十二章
怒海潜沙,http://www.daomubiji.com/nu-hai-qian-sha-23.html,继续解迷,第二十三章
怒海潜沙,http://www.daomubiji.com/nu-hai-qian-sha-24.html,开棺,第二十四章
怒海潜沙,http://www.daomubiji.com/nu-hai-qian-sha-25.html,一个人,第二十五章
怒海潜沙,http://www.daomubiji.com/nu-hai-qian-sha-26.html,瓷画,第二十六章
怒海潜沙,http://www.daomubiji.com/nu-hai-qian-sha-27.html,无题,第二十七章
怒海潜沙,http://www.daomubiji.com/nu-hai-qian-sha-28.html,继续无题,第二十八章
怒海潜沙,http://www.daomubiji.com/nu-hai-qian-sha-29.html,石碑,第二十九章
怒海潜沙,http://www.daomubiji.com/nu-hai-qian-sha-30.html,池底,第三十章
怒海潜沙,http://www.daomubiji.com/nu-hai-qian-sha-31.html,二十年前,第三十一章
怒海潜沙,http://www.daomubiji.com/nu-hai-qian-sha-32.html,奇门遁甲,第三十二章
怒海潜沙,http://www.daomubiji.com/nu-hai-qian-sha-33.html,生门,第三十三章
怒海潜沙,http://www.daomubiji.com/nu-hai-qian-sha-34.html,连环,第三十四章
怒海潜沙,http://www.daomubiji.com/nu-hai-qian-sha-35.html,血字,第三十五章
怒海潜沙,http://www.daomubiji.com/nu-hai-qian-sha-36.html,脱困,第三十六章
怒海潜沙,http://www.daomubiji.com/nu-hai-qian-sha-37.html,盗洞,第三十七章
怒海潜沙,http://www.daomubiji.com/nu-hai-qian-sha-38.html,禁婆,第三十八章
怒海潜沙,http://www.daomubiji.com/nu-hai-qian-sha-39.html,混战,第三十九章
怒海潜沙,http://www.daomubiji.com/nu-hai-qian-sha-40.html,墙洞,第四十章
怒海潜沙,http://www.daomubiji.com/nu-hai-qian-sha-41.html,珊瑚树,第四十一章
怒海潜沙,http://www.daomubiji.com/nu-hai-qian-sha-42.html,困境,第四十二章
怒海潜沙,http://www.daomubiji.com/nu-hai-qian-sha-43.html,炸弹,第四十三章
怒海潜沙,http://www.daomubiji.com/nu-hai-qian-sha-44.html,脱皮,第四十四章
怒海潜沙,http://www.daomubiji.com/nu-hai-qian-sha-45.html,脱出,第四十五章
怒海潜沙,http://www.daomubiji.com/nu-hai-qian-sha-46.html,总结,第四十六章
bookTitle,zhLink,zhName,zhNum
七星鲁王,http://www.daomubiji.com/qi-xing-lu-wang-01.html,血尸,第一章
七星鲁王,http://www.daomubiji.com/qi-xing-lu-wang-02.html,五十年后,第二章
七星鲁王,http://www.daomubiji.com/qi-xing-lu-wang-03.html,瓜子庙,第三章
七星鲁王,http://www.daomubiji.com/qi-xing-lu-wang-04.html,尸洞,第四章
七星鲁王,http://www.daomubiji.com/qi-xing-lu-wang-05.html,水影,第五章
七星鲁王,http://www.daomubiji.com/qi-xing-lu-wang-06.html,积尸地,第六章
七星鲁王,http://www.daomubiji.com/qi-xing-lu-wang-07.html,一百多个人头,第七章
七星鲁王,http://www.daomubiji.com/qi-xing-lu-wang-08.html,山谷,第八章
七星鲁王,http://www.daomubiji.com/qi-xing-lu-wang-09.html,古墓,第九章
七星鲁王,http://www.daomubiji.com/qi-xing-lu-wang-10.html,影子,第十章
七星鲁王,http://www.daomubiji.com/qi-xing-lu-wang-11.html,七星棺,第十一章
七星鲁王,http://www.daomubiji.com/qi-xing-lu-wang-12.html,门,第十二章
七星鲁王,http://www.daomubiji.com/qi-xing-lu-wang-13.html,02200059,第十三章
七星鲁王,http://www.daomubiji.com/qi-xing-lu-wang-14.html,闷油瓶,第十四章
七星鲁王,http://www.daomubiji.com/qi-xing-lu-wang-15.html,屁,第十五章
七星鲁王,http://www.daomubiji.com/qi-xing-lu-wang-16.html,小手,第十六章
七星鲁王,http://www.daomubiji.com/qi-xing-lu-wang-17.html,洞,第十七章
七星鲁王,http://www.daomubiji.com/qi-xing-lu-wang-18.html,大树,第十八章
七星鲁王,http://www.daomubiji.com/qi-xing-lu-wang-19.html,女尸,第十九章
七星鲁王,http://www.daomubiji.com/qi-xing-lu-wang-20.html,钥匙,第二十章
七星鲁王,http://www.daomubiji.com/qi-xing-lu-wang-21.html,青眼狐尸,第二十一章
七星鲁王,http://www.daomubiji.com/qi-xing-lu-wang-22.html,八重宝函,第二十二章
七星鲁王,http://www.daomubiji.com/qi-xing-lu-wang-23.html,棺椁,第二十三章
七星鲁王,http://www.daomubiji.com/qi-xing-lu-wang-24.html,活尸,第二十四章
七星鲁王,http://www.daomubiji.com/qi-xing-lu-wang-25.html,玉俑,第二十五章
七星鲁王,http://www.daomubiji.com/qi-xing-lu-wang-26.html,紫玉匣子,第二十六章
七星鲁王,http://www.daomubiji.com/qi-xing-lu-wang-27.html,谎言,第二十七章
七星鲁王,http://www.daomubiji.com/qi-xing-lu-wang-28.html,火,第二十八章
七星鲁王,http://www.daomubiji.com/qi-xing-lu-wang-29.html,紫金匣,第二十九章
怒海潜沙,http://www.daomubiji.com/nu-hai-qian-sha-01.html,蛇眉铜鱼,第一章
怒海潜沙,http://www.daomubiji.com/nu-hai-qian-sha-02.html,双层墓墙,第二章
怒海潜沙,http://www.daomubiji.com/nu-hai-qian-sha-03.html,大风暴,第三章
怒海潜沙,http://www.daomubiji.com/nu-hai-qian-sha-04.html,海鬼,第四章
怒海潜沙,http://www.daomubiji.com/nu-hai-qian-sha-05.html,老照片,第五章
怒海潜沙,http://www.daomubiji.com/nu-hai-qian-sha-06.html,海南,第六章
怒海潜沙,http://www.daomubiji.com/nu-hai-qian-sha-07.html,女人,第七章
怒海潜沙,http://www.daomubiji.com/nu-hai-qian-sha-08.html,变天了,第八章
怒海潜沙,http://www.daomubiji.com/nu-hai-qian-sha-09.html,鬼船,第九章
怒海潜沙,http://www.daomubiji.com/nu-hai-qian-sha-10.html,枯手,第十章
怒海潜沙,http://www.daomubiji.com/nu-hai-qian-sha-11.html,甲板,第十一章
怒海潜沙,http://www.daomubiji.com/nu-hai-qian-sha-12.html,三叔的谎言,第十二章
怒海潜沙,http://www.daomubiji.com/nu-hai-qian-sha-13.html,海猴子,第十三章
怒海潜沙,http://www.daomubiji.com/nu-hai-qian-sha-14.html,永兴岛,第十四章
怒海潜沙,http://www.daomubiji.com/nu-hai-qian-sha-15.html,胖子,第十五章
怒海潜沙,http://www.daomubiji.com/nu-hai-qian-sha-16.html,开会,第十六章
怒海潜沙,http://www.daomubiji.com/nu-hai-qian-sha-17.html,头发,第十七章
怒海潜沙,http://www.daomubiji.com/nu-hai-qian-sha-18.html,大量头发,第十八章
怒海潜沙,http://www.daomubiji.com/nu-hai-qian-sha-19.html,大瓷罐,第十九章
怒海潜沙,http://www.daomubiji.com/nu-hai-qian-sha-20.html,甬道,第二十章
怒海潜沙,http://www.daomubiji.com/nu-hai-qian-sha-21.html,箭,第二十一章
怒海潜沙,http://www.daomubiji.com/nu-hai-qian-sha-22.html,第一次解迷,第二十二章
怒海潜沙,http://www.daomubiji.com/nu-hai-qian-sha-23.html,继续解迷,第二十三章
怒海潜沙,http://www.daomubiji.com/nu-hai-qian-sha-24.html,开棺,第二十四章
怒海潜沙,http://www.daomubiji.com/nu-hai-qian-sha-25.html,一个人,第二十五章
怒海潜沙,http://www.daomubiji.com/nu-hai-qian-sha-26.html,瓷画,第二十六章
怒海潜沙,http://www.daomubiji.com/nu-hai-qian-sha-27.html,无题,第二十七章
怒海潜沙,http://www.daomubiji.com/nu-hai-qian-sha-28.html,继续无题,第二十八章
怒海潜沙,http://www.daomubiji.com/nu-hai-qian-sha-29.html,石碑,第二十九章
怒海潜沙,http://www.daomubiji.com/nu-hai-qian-sha-30.html,池底,第三十章
怒海潜沙,http://www.daomubiji.com/nu-hai-qian-sha-31.html,二十年前,第三十一章
怒海潜沙,http://www.daomubiji.com/nu-hai-qian-sha-32.html,奇门遁甲,第三十二章
怒海潜沙,http://www.daomubiji.com/nu-hai-qian-sha-33.html,生门,第三十三章
怒海潜沙,http://www.daomubiji.com/nu-hai-qian-sha-34.html,连环,第三十四章
怒海潜沙,http://www.daomubiji.com/nu-hai-qian-sha-35.html,血字,第三十五章
怒海潜沙,http://www.daomubiji.com/nu-hai-qian-sha-36.html,脱困,第三十六章
怒海潜沙,http://www.daomubiji.com/nu-hai-qian-sha-37.html,盗洞,第三十七章
怒海潜沙,http://www.daomubiji.com/nu-hai-qian-sha-38.html,禁婆,第三十八章
怒海潜沙,http://www.daomubiji.com/nu-hai-qian-sha-39.html,混战,第三十九章
怒海潜沙,http://www.daomubiji.com/nu-hai-qian-sha-40.html,墙洞,第四十章
怒海潜沙,http://www.daomubiji.com/nu-hai-qian-sha-41.html,珊瑚树,第四十一章
怒海潜沙,http://www.daomubiji.com/nu-hai-qian-sha-42.html,困境,第四十二章
怒海潜沙,http://www.daomubiji.com/nu-hai-qian-sha-43.html,炸弹,第四十三章
怒海潜沙,http://www.daomubiji.com/nu-hai-qian-sha-44.html,脱皮,第四十四章
怒海潜沙,http://www.daomubiji.com/nu-hai-qian-sha-45.html,脱出,第四十五章
怒海潜沙,http://www.daomubiji.com/nu-hai-qian-sha-46.html,总结,第四十六章
